id,timestamp,agent,rule,level,status,risk_score,correlation_score,correlation_type,recommended_priority,planned_status,planned_risk_score,planned_correlation_score,planned_correlation_type,planned_recommended_priority
39,2026-05-14T08:27:35.502Z,darkstar,Successful sudo executed.,3,ESCALATED,100,100,POSSIBLE_PERSISTENCE,CRITICAL,TRIAGED,35,35,LEGACY_ESCALATION_NORMALIZED,LOW
44,2026-05-14T08:33:03.539Z,darkstar,Systemd: Service exited due to a failure.,5,ESCALATED,100,100,POSSIBLE_PERSISTENCE,CRITICAL,TRIAGED,35,35,LEGACY_ESCALATION_NORMALIZED,LOW
69,2026-05-14T09:13:03.808Z,darkstar,Systemd: Service exited due to a failure.,5,ESCALATED,100,100,POSSIBLE_PERSISTENCE,CRITICAL,TRIAGED,35,35,LEGACY_ESCALATION_NORMALIZED,LOW
146,2026-05-14T15:33:09.851Z,darkstar,Systemd: Service exited due to a failure.,5,ESCALATED,100,100,POSSIBLE_PERSISTENCE,CRITICAL,TRIAGED,35,35,LEGACY_ESCALATION_NORMALIZED,LOW
164,2026-05-14T15:53:09.974Z,darkstar,Systemd: Service exited due to a failure.,5,ESCALATED,100,100,POSSIBLE_PERSISTENCE,CRITICAL,TRIAGED,35,35,LEGACY_ESCALATION_NORMALIZED,LOW
233,2026-05-14T16:22:36.160Z,darkstar,Systemd: Service exited due to a failure.,5,ESCALATED,100,100,POSSIBLE_PERSISTENCE,CRITICAL,TRIAGED,35,35,LEGACY_ESCALATION_NORMALIZED,LOW
265,2026-05-14T16:33:10.266Z,darkstar,Systemd: Service exited due to a failure.,5,ESCALATED,100,100,POSSIBLE_PERSISTENCE,CRITICAL,TRIAGED,35,35,LEGACY_ESCALATION_NORMALIZED,LOW
428,2026-05-15T06:53:19.720Z,darkstar,Systemd: Service exited due to a failure.,5,ESCALATED,100,100,POSSIBLE_PERSISTENCE,CRITICAL,TRIAGED,35,35,LEGACY_ESCALATION_NORMALIZED,LOW
460,2026-05-15T07:33:21.918Z,darkstar,Systemd: Service exited due to a failure.,5,ESCALATED,100,100,POSSIBLE_PERSISTENCE,CRITICAL,TRIAGED,35,35,LEGACY_ESCALATION_NORMALIZED,LOW
491,2026-05-15T07:53:22.116Z,darkstar,Systemd: Service exited due to a failure.,5,ESCALATED,100,100,POSSIBLE_HOST_COMPROMISE,CRITICAL,TRIAGED,35,35,LEGACY_ESCALATION_NORMALIZED,LOW
522,2026-05-15T08:13:22.269Z,darkstar,Systemd: Service exited due to a failure.,5,ESCALATED,100,100,POSSIBLE_PERSISTENCE,CRITICAL,TRIAGED,35,35,LEGACY_ESCALATION_NORMALIZED,LOW
526,2026-05-15T08:19:31.888Z,darkstar,Host-based anomaly detection event (rootcheck).,7,ESCALATED,100,100,POSSIBLE_PERSISTENCE,CRITICAL,TRIAGED,35,35,LEGACY_ESCALATION_NORMALIZED,LOW
527,2026-05-15T08:19:32.173Z,darkstar,Host-based anomaly detection event (rootcheck).,7,ESCALATED,100,100,POSSIBLE_PERSISTENCE,CRITICAL,TRIAGED,35,35,LEGACY_ESCALATION_NORMALIZED,LOW
528,2026-05-15T08:19:32.394Z,darkstar,Host-based anomaly detection event (rootcheck).,7,ESCALATED,100,100,POSSIBLE_PERSISTENCE,CRITICAL,TRIAGED,35,35,LEGACY_ESCALATION_NORMALIZED,LOW
529,2026-05-15T08:19:32.626Z,darkstar,Host-based anomaly detection event (rootcheck).,7,ESCALATED,100,100,POSSIBLE_PERSISTENCE,CRITICAL,TRIAGED,35,35,LEGACY_ESCALATION_NORMALIZED,LOW
530,2026-05-15T08:19:32.845Z,darkstar,Host-based anomaly detection event (rootcheck).,7,ESCALATED,100,100,POSSIBLE_PERSISTENCE,CRITICAL,TRIAGED,35,35,LEGACY_ESCALATION_NORMALIZED,LOW
531,2026-05-15T08:19:33.075Z,darkstar,Host-based anomaly detection event (rootcheck).,7,ESCALATED,100,100,POSSIBLE_PERSISTENCE,CRITICAL,TRIAGED,35,35,LEGACY_ESCALATION_NORMALIZED,LOW
532,2026-05-15T08:19:33.300Z,darkstar,Host-based anomaly detection event (rootcheck).,7,ESCALATED,100,100,POSSIBLE_PERSISTENCE,CRITICAL,TRIAGED,35,35,LEGACY_ESCALATION_NORMALIZED,LOW
533,2026-05-15T08:19:33.531Z,darkstar,Host-based anomaly detection event (rootcheck).,7,ESCALATED,100,100,POSSIBLE_PERSISTENCE,CRITICAL,TRIAGED,35,35,LEGACY_ESCALATION_NORMALIZED,LOW
534,2026-05-15T08:19:33.766Z,darkstar,Host-based anomaly detection event (rootcheck).,7,ESCALATED,100,100,POSSIBLE_PERSISTENCE,CRITICAL,TRIAGED,35,35,LEGACY_ESCALATION_NORMALIZED,LOW
535,2026-05-15T08:19:33.991Z,darkstar,Host-based anomaly detection event (rootcheck).,7,ESCALATED,100,100,POSSIBLE_PERSISTENCE,CRITICAL,TRIAGED,35,35,LEGACY_ESCALATION_NORMALIZED,LOW
536,2026-05-15T08:19:34.226Z,darkstar,Host-based anomaly detection event (rootcheck).,7,ESCALATED,100,100,POSSIBLE_PERSISTENCE,CRITICAL,TRIAGED,35,35,LEGACY_ESCALATION_NORMALIZED,LOW
537,2026-05-15T08:19:34.452Z,darkstar,Host-based anomaly detection event (rootcheck).,7,ESCALATED,100,100,POSSIBLE_PERSISTENCE,CRITICAL,TRIAGED,35,35,LEGACY_ESCALATION_NORMALIZED,LOW
538,2026-05-15T08:19:34.682Z,darkstar,Host-based anomaly detection event (rootcheck).,7,ESCALATED,100,100,POSSIBLE_PERSISTENCE,CRITICAL,TRIAGED,35,35,LEGACY_ESCALATION_NORMALIZED,LOW
539,2026-05-15T08:19:34.915Z,darkstar,Host-based anomaly detection event (rootcheck).,7,ESCALATED,100,100,POSSIBLE_PERSISTENCE,CRITICAL,TRIAGED,35,35,LEGACY_ESCALATION_NORMALIZED,LOW
540,2026-05-15T08:19:35.238Z,darkstar,Host-based anomaly detection event (rootcheck).,7,ESCALATED,100,100,POSSIBLE_PERSISTENCE,CRITICAL,TRIAGED,35,35,LEGACY_ESCALATION_NORMALIZED,LOW
541,2026-05-15T08:19:35.483Z,darkstar,Host-based anomaly detection event (rootcheck).,7,ESCALATED,100,100,POSSIBLE_PERSISTENCE,CRITICAL,TRIAGED,35,35,LEGACY_ESCALATION_NORMALIZED,LOW
542,2026-05-15T08:19:35.718Z,darkstar,Host-based anomaly detection event (rootcheck).,7,ESCALATED,100,100,POSSIBLE_PERSISTENCE,CRITICAL,TRIAGED,35,35,LEGACY_ESCALATION_NORMALIZED,LOW
543,2026-05-15T08:19:35.943Z,darkstar,Host-based anomaly detection event (rootcheck).,7,ESCALATED,100,100,POSSIBLE_PERSISTENCE,CRITICAL,TRIAGED,35,35,LEGACY_ESCALATION_NORMALIZED,LOW
544,2026-05-15T08:19:36.399Z,darkstar,Host-based anomaly detection event (rootcheck).,7,ESCALATED,100,100,POSSIBLE_PERSISTENCE,CRITICAL,TRIAGED,35,35,LEGACY_ESCALATION_NORMALIZED,LOW
545,2026-05-15T08:19:36.402Z,darkstar,Host-based anomaly detection event (rootcheck).,7,ESCALATED,100,100,POSSIBLE_PERSISTENCE,CRITICAL,TRIAGED,35,35,LEGACY_ESCALATION_NORMALIZED,LOW
546,2026-05-15T08:19:36.403Z,darkstar,Host-based anomaly detection event (rootcheck).,7,ESCALATED,100,100,POSSIBLE_PERSISTENCE,CRITICAL,TRIAGED,35,35,LEGACY_ESCALATION_NORMALIZED,LOW
547,2026-05-15T08:19:36.405Z,darkstar,Host-based anomaly detection event (rootcheck).,7,ESCALATED,100,100,POSSIBLE_PERSISTENCE,CRITICAL,TRIAGED,35,35,LEGACY_ESCALATION_NORMALIZED,LOW
548,2026-05-15T08:19:36.406Z,darkstar,Host-based anomaly detection event (rootcheck).,7,ESCALATED,100,100,POSSIBLE_PERSISTENCE,CRITICAL,TRIAGED,35,35,LEGACY_ESCALATION_NORMALIZED,LOW
549,2026-05-15T08:19:36.408Z,darkstar,Host-based anomaly detection event (rootcheck).,7,ESCALATED,100,100,POSSIBLE_PERSISTENCE,CRITICAL,TRIAGED,35,35,LEGACY_ESCALATION_NORMALIZED,LOW
550,2026-05-15T08:19:36.701Z,darkstar,Host-based anomaly detection event (rootcheck).,7,ESCALATED,100,100,POSSIBLE_PERSISTENCE,CRITICAL,TRIAGED,35,35,LEGACY_ESCALATION_NORMALIZED,LOW
551,2026-05-15T08:19:36.922Z,darkstar,Host-based anomaly detection event (rootcheck).,7,ESCALATED,100,100,POSSIBLE_PERSISTENCE,CRITICAL,TRIAGED,35,35,LEGACY_ESCALATION_NORMALIZED,LOW
564,2026-05-15T08:33:22.438Z,darkstar,Systemd: Service exited due to a failure.,5,ESCALATED,100,100,POSSIBLE_PERSISTENCE,CRITICAL,TRIAGED,35,35,LEGACY_ESCALATION_NORMALIZED,LOW
579,2026-05-15T09:33:23.087Z,darkstar,Systemd: Service exited due to a failure.,5,ESCALATED,100,100,POSSIBLE_HOST_COMPROMISE,CRITICAL,TRIAGED,35,35,LEGACY_ESCALATION_NORMALIZED,LOW
613,2026-05-15T09:53:22.980Z,darkstar,Systemd: Service exited due to a failure.,5,ESCALATED,100,100,POSSIBLE_HOST_COMPROMISE,CRITICAL,TRIAGED,35,35,LEGACY_ESCALATION_NORMALIZED,LOW
657,2026-05-15T10:33:23.284Z,darkstar,Systemd: Service exited due to a failure.,5,ESCALATED,100,100,POSSIBLE_PERSISTENCE,CRITICAL,TRIAGED,35,35,LEGACY_ESCALATION_NORMALIZED,LOW
676,2026-05-15T10:53:23.412Z,darkstar,Systemd: Service exited due to a failure.,5,ESCALATED,100,100,POSSIBLE_PERSISTENCE,CRITICAL,TRIAGED,35,35,LEGACY_ESCALATION_NORMALIZED,LOW
695,2026-05-15T11:13:23.536Z,darkstar,Systemd: Service exited due to a failure.,5,ESCALATED,100,100,POSSIBLE_HOST_COMPROMISE,CRITICAL,TRIAGED,35,35,LEGACY_ESCALATION_NORMALIZED,LOW
727,2026-05-15T11:53:23.813Z,darkstar,Systemd: Service exited due to a failure.,5,ESCALATED,100,100,POSSIBLE_HOST_COMPROMISE,CRITICAL,TRIAGED,35,35,LEGACY_ESCALATION_NORMALIZED,LOW
743,2026-05-15T12:13:23.911Z,darkstar,Systemd: Service exited due to a failure.,5,ESCALATED,100,100,POSSIBLE_HOST_COMPROMISE,CRITICAL,TRIAGED,35,35,LEGACY_ESCALATION_NORMALIZED,LOW
789,2026-05-15T14:33:26.743Z,darkstar,Systemd: Service exited due to a failure.,5,ESCALATED,100,100,POSSIBLE_HOST_COMPROMISE,CRITICAL,TRIAGED,35,35,LEGACY_ESCALATION_NORMALIZED,LOW
817,2026-05-15T14:53:26.901Z,darkstar,Systemd: Service exited due to a failure.,5,ESCALATED,100,100,POSSIBLE_PERSISTENCE,CRITICAL,TRIAGED,35,35,LEGACY_ESCALATION_NORMALIZED,LOW
853,2026-05-15T15:13:27.047Z,darkstar,Systemd: Service exited due to a failure.,5,ESCALATED,100,100,POSSIBLE_HOST_COMPROMISE,CRITICAL,TRIAGED,35,35,LEGACY_ESCALATION_NORMALIZED,LOW
907,2026-05-15T16:13:27.455Z,darkstar,Systemd: Service exited due to a failure.,5,ESCALATED,100,100,POSSIBLE_HOST_COMPROMISE,CRITICAL,TRIAGED,35,35,LEGACY_ESCALATION_NORMALIZED,LOW
920,2026-05-15T16:33:27.628Z,darkstar,Systemd: Service exited due to a failure.,5,ESCALATED,100,100,POSSIBLE_PERSISTENCE,CRITICAL,TRIAGED,35,35,LEGACY_ESCALATION_NORMALIZED,LOW
933,2026-05-15T16:53:27.718Z,darkstar,Systemd: Service exited due to a failure.,5,ESCALATED,100,100,POSSIBLE_HOST_COMPROMISE,CRITICAL,TRIAGED,35,35,LEGACY_ESCALATION_NORMALIZED,LOW
1027,2026-05-16T08:00:24.823Z,darkstar,File added to the system.,5,ESCALATED,100,100,POSSIBLE_PERSISTENCE,CRITICAL,TRIAGED,35,35,LEGACY_ESCALATION_NORMALIZED,LOW
1060,2026-05-16T08:13:40.448Z,darkstar,Systemd: Service exited due to a failure.,5,ESCALATED,100,100,POSSIBLE_PERSISTENCE,CRITICAL,TRIAGED,35,35,LEGACY_ESCALATION_NORMALIZED,LOW
1080,2026-05-16T08:21:01.342Z,darkstar,Host-based anomaly detection event (rootcheck).,7,ESCALATED,100,100,POSSIBLE_HOST_COMPROMISE,CRITICAL,TRIAGED,35,35,LEGACY_ESCALATION_NORMALIZED,LOW
1081,2026-05-16T08:21:01.651Z,darkstar,Host-based anomaly detection event (rootcheck).,7,ESCALATED,100,100,POSSIBLE_HOST_COMPROMISE,CRITICAL,TRIAGED,35,35,LEGACY_ESCALATION_NORMALIZED,LOW
1082,2026-05-16T08:21:01.890Z,darkstar,Host-based anomaly detection event (rootcheck).,7,ESCALATED,100,100,POSSIBLE_HOST_COMPROMISE,CRITICAL,TRIAGED,35,35,LEGACY_ESCALATION_NORMALIZED,LOW
1083,2026-05-16T08:21:02.123Z,darkstar,Host-based anomaly detection event (rootcheck).,7,ESCALATED,100,100,POSSIBLE_HOST_COMPROMISE,CRITICAL,TRIAGED,35,35,LEGACY_ESCALATION_NORMALIZED,LOW
1084,2026-05-16T08:21:02.379Z,darkstar,Host-based anomaly detection event (rootcheck).,7,ESCALATED,100,100,POSSIBLE_HOST_COMPROMISE,CRITICAL,TRIAGED,35,35,LEGACY_ESCALATION_NORMALIZED,LOW
1085,2026-05-16T08:21:02.659Z,darkstar,Host-based anomaly detection event (rootcheck).,7,ESCALATED,100,100,POSSIBLE_HOST_COMPROMISE,CRITICAL,TRIAGED,35,35,LEGACY_ESCALATION_NORMALIZED,LOW
1086,2026-05-16T08:21:02.908Z,darkstar,Host-based anomaly detection event (rootcheck).,7,ESCALATED,100,100,POSSIBLE_HOST_COMPROMISE,CRITICAL,TRIAGED,35,35,LEGACY_ESCALATION_NORMALIZED,LOW
1087,2026-05-16T08:21:03.174Z,darkstar,Host-based anomaly detection event (rootcheck).,7,ESCALATED,100,100,POSSIBLE_HOST_COMPROMISE,CRITICAL,TRIAGED,35,35,LEGACY_ESCALATION_NORMALIZED,LOW
1088,2026-05-16T08:21:03.416Z,darkstar,Host-based anomaly detection event (rootcheck).,7,ESCALATED,100,100,POSSIBLE_HOST_COMPROMISE,CRITICAL,TRIAGED,35,35,LEGACY_ESCALATION_NORMALIZED,LOW
1089,2026-05-16T08:21:03.647Z,darkstar,Host-based anomaly detection event (rootcheck).,7,ESCALATED,100,100,POSSIBLE_HOST_COMPROMISE,CRITICAL,TRIAGED,35,35,LEGACY_ESCALATION_NORMALIZED,LOW
1090,2026-05-16T08:21:03.892Z,darkstar,Host-based anomaly detection event (rootcheck).,7,ESCALATED,100,100,POSSIBLE_HOST_COMPROMISE,CRITICAL,TRIAGED,35,35,LEGACY_ESCALATION_NORMALIZED,LOW
1091,2026-05-16T08:21:04.135Z,darkstar,Host-based anomaly detection event (rootcheck).,7,ESCALATED,100,100,POSSIBLE_HOST_COMPROMISE,CRITICAL,TRIAGED,35,35,LEGACY_ESCALATION_NORMALIZED,LOW
1092,2026-05-16T08:21:04.381Z,darkstar,Host-based anomaly detection event (rootcheck).,7,ESCALATED,100,100,POSSIBLE_HOST_COMPROMISE,CRITICAL,TRIAGED,35,35,LEGACY_ESCALATION_NORMALIZED,LOW
1093,2026-05-16T08:21:04.632Z,darkstar,Host-based anomaly detection event (rootcheck).,7,ESCALATED,100,100,POSSIBLE_HOST_COMPROMISE,CRITICAL,TRIAGED,35,35,LEGACY_ESCALATION_NORMALIZED,LOW
1094,2026-05-16T08:21:04.973Z,darkstar,Host-based anomaly detection event (rootcheck).,7,ESCALATED,100,100,POSSIBLE_HOST_COMPROMISE,CRITICAL,TRIAGED,35,35,LEGACY_ESCALATION_NORMALIZED,LOW
1096,2026-05-16T08:21:05.228Z,darkstar,Host-based anomaly detection event (rootcheck).,7,ESCALATED,100,100,POSSIBLE_HOST_COMPROMISE,CRITICAL,TRIAGED,35,35,LEGACY_ESCALATION_NORMALIZED,LOW
1097,2026-05-16T08:21:05.492Z,darkstar,Host-based anomaly detection event (rootcheck).,7,ESCALATED,100,100,POSSIBLE_HOST_COMPROMISE,CRITICAL,TRIAGED,35,35,LEGACY_ESCALATION_NORMALIZED,LOW
1098,2026-05-16T08:21:05.746Z,darkstar,Host-based anomaly detection event (rootcheck).,7,ESCALATED,100,100,POSSIBLE_HOST_COMPROMISE,CRITICAL,TRIAGED,35,35,LEGACY_ESCALATION_NORMALIZED,LOW
1099,2026-05-16T08:21:06.232Z,darkstar,Host-based anomaly detection event (rootcheck).,7,ESCALATED,100,100,POSSIBLE_PERSISTENCE,CRITICAL,TRIAGED,35,35,LEGACY_ESCALATION_NORMALIZED,LOW
1100,2026-05-16T08:21:06.234Z,darkstar,Host-based anomaly detection event (rootcheck).,7,ESCALATED,100,100,POSSIBLE_PERSISTENCE,CRITICAL,TRIAGED,35,35,LEGACY_ESCALATION_NORMALIZED,LOW
1101,2026-05-16T08:21:06.237Z,darkstar,Host-based anomaly detection event (rootcheck).,7,ESCALATED,100,100,POSSIBLE_PERSISTENCE,CRITICAL,TRIAGED,35,35,LEGACY_ESCALATION_NORMALIZED,LOW
1102,2026-05-16T08:21:06.239Z,darkstar,Host-based anomaly detection event (rootcheck).,7,ESCALATED,100,100,POSSIBLE_PERSISTENCE,CRITICAL,TRIAGED,35,35,LEGACY_ESCALATION_NORMALIZED,LOW
1103,2026-05-16T08:21:06.240Z,darkstar,Host-based anomaly detection event (rootcheck).,7,ESCALATED,100,100,POSSIBLE_PERSISTENCE,CRITICAL,TRIAGED,35,35,LEGACY_ESCALATION_NORMALIZED,LOW
1104,2026-05-16T08:21:06.241Z,darkstar,Host-based anomaly detection event (rootcheck).,7,ESCALATED,100,100,POSSIBLE_PERSISTENCE,CRITICAL,TRIAGED,35,35,LEGACY_ESCALATION_NORMALIZED,LOW
1105,2026-05-16T08:21:06.564Z,darkstar,Host-based anomaly detection event (rootcheck).,7,ESCALATED,100,100,POSSIBLE_PERSISTENCE,CRITICAL,TRIAGED,35,35,LEGACY_ESCALATION_NORMALIZED,LOW
1106,2026-05-16T08:21:06.818Z,darkstar,Host-based anomaly detection event (rootcheck).,7,ESCALATED,100,100,POSSIBLE_PERSISTENCE,CRITICAL,TRIAGED,35,35,LEGACY_ESCALATION_NORMALIZED,LOW
1122,2026-05-16T08:33:40.772Z,darkstar,Systemd: Service exited due to a failure.,5,ESCALATED,100,100,POSSIBLE_PERSISTENCE,CRITICAL,TRIAGED,35,35,LEGACY_ESCALATION_NORMALIZED,LOW
1135,2026-05-16T08:53:40.908Z,darkstar,Systemd: Service exited due to a failure.,5,ESCALATED,100,100,POSSIBLE_HOST_COMPROMISE,CRITICAL,TRIAGED,35,35,LEGACY_ESCALATION_NORMALIZED,LOW
1198,2026-05-16T11:37:57.430Z,darkstar,New dpkg (Debian Package) requested to install.,3,ESCALATED,100,100,POSSIBLE_HOST_COMPROMISE,CRITICAL,TRIAGED,35,35,LEGACY_ESCALATION_NORMALIZED,LOW
1199,2026-05-16T11:37:57.444Z,darkstar,Dpkg (Debian Package) half configured.,7,ESCALATED,100,100,POSSIBLE_HOST_COMPROMISE,CRITICAL,TRIAGED,35,35,LEGACY_ESCALATION_NORMALIZED,LOW
1200,2026-05-16T11:37:57.446Z,darkstar,New dpkg (Debian Package) installed.,7,ESCALATED,100,100,POSSIBLE_HOST_COMPROMISE,CRITICAL,TRIAGED,35,35,LEGACY_ESCALATION_NORMALIZED,LOW
1201,2026-05-16T11:37:57.450Z,darkstar,Dpkg (Debian Package) half configured.,7,ESCALATED,100,100,POSSIBLE_HOST_COMPROMISE,CRITICAL,TRIAGED,35,35,LEGACY_ESCALATION_NORMALIZED,LOW
1203,2026-05-16T11:37:57.834Z,darkstar,New dpkg (Debian Package) installed.,7,ESCALATED,100,100,POSSIBLE_HOST_COMPROMISE,CRITICAL,TRIAGED,35,35,LEGACY_ESCALATION_NORMALIZED,LOW
1238,2026-05-16T16:53:45.964Z,darkstar,Systemd: Service exited due to a failure.,5,ESCALATED,100,100,POSSIBLE_HOST_COMPROMISE,CRITICAL,TRIAGED,35,35,LEGACY_ESCALATION_NORMALIZED,LOW
1263,2026-05-16T17:01:38.806Z,darkstar,,4,ESCALATED,100,100,POSSIBLE_HOST_COMPROMISE,CRITICAL,TRIAGED,35,35,LEGACY_ESCALATION_NORMALIZED,LOW
1302,2026-05-16T17:53:46.393Z,darkstar,Systemd: Service exited due to a failure.,5,ESCALATED,100,100,POSSIBLE_HOST_COMPROMISE,CRITICAL,TRIAGED,35,35,LEGACY_ESCALATION_NORMALIZED,LOW
1317,2026-05-16T18:42:26.750Z,darkstar,,4,ESCALATED,100,100,POSSIBLE_HOST_COMPROMISE,CRITICAL,TRIAGED,35,35,LEGACY_ESCALATION_NORMALIZED,LOW
1326,2026-05-16T18:50:55.884Z,darkstar,New dpkg (Debian Package) requested to install.,3,ESCALATED,100,100,POSSIBLE_HOST_COMPROMISE,CRITICAL,TRIAGED,35,35,LEGACY_ESCALATION_NORMALIZED,LOW
1327,2026-05-16T18:50:55.898Z,darkstar,Dpkg (Debian Package) half configured.,7,ESCALATED,100,100,POSSIBLE_HOST_COMPROMISE,CRITICAL,TRIAGED,35,35,LEGACY_ESCALATION_NORMALIZED,LOW
1328,2026-05-16T18:50:55.900Z,darkstar,New dpkg (Debian Package) installed.,7,ESCALATED,100,100,POSSIBLE_HOST_COMPROMISE,CRITICAL,TRIAGED,35,35,LEGACY_ESCALATION_NORMALIZED,LOW
1329,2026-05-16T18:50:55.904Z,darkstar,Dpkg (Debian Package) half configured.,7,ESCALATED,100,100,POSSIBLE_HOST_COMPROMISE,CRITICAL,TRIAGED,35,35,LEGACY_ESCALATION_NORMALIZED,LOW
1331,2026-05-16T18:50:56.697Z,darkstar,New dpkg (Debian Package) installed.,7,ESCALATED,100,100,POSSIBLE_HOST_COMPROMISE,CRITICAL,TRIAGED,35,35,LEGACY_ESCALATION_NORMALIZED,LOW
1332,2026-05-16T18:53:46.753Z,darkstar,Systemd: Service exited due to a failure.,5,ESCALATED,100,100,POSSIBLE_HOST_COMPROMISE,CRITICAL,TRIAGED,35,35,LEGACY_ESCALATION_NORMALIZED,LOW
1406,2026-05-16T20:53:49.508Z,darkstar,Systemd: Service exited due to a failure.,5,ESCALATED,100,100,POSSIBLE_HOST_COMPROMISE,CRITICAL,TRIAGED,35,35,LEGACY_ESCALATION_NORMALIZED,LOW
1407,2026-05-16T20:55:21.869Z,darkstar,,4,ESCALATED,100,100,POSSIBLE_HOST_COMPROMISE,CRITICAL,TRIAGED,35,35,LEGACY_ESCALATION_NORMALIZED,LOW
1434,2026-05-16T21:12:44.720Z,darkstar,Dpkg (Debian Package) half configured.,7,ESCALATED,100,100,POSSIBLE_HOST_COMPROMISE,CRITICAL,TRIAGED,35,35,LEGACY_ESCALATION_NORMALIZED,LOW
1435,2026-05-16T21:12:44.720Z,darkstar,Dpkg (Debian Package) half configured.,7,ESCALATED,100,100,POSSIBLE_HOST_COMPROMISE,CRITICAL,TRIAGED,35,35,LEGACY_ESCALATION_NORMALIZED,LOW
1436,2026-05-16T21:12:44.720Z,darkstar,Dpkg (Debian Package) half configured.,7,ESCALATED,100,100,POSSIBLE_HOST_COMPROMISE,CRITICAL,TRIAGED,35,35,LEGACY_ESCALATION_NORMALIZED,LOW
1437,2026-05-16T21:12:45.680Z,darkstar,New dpkg (Debian Package) installed.,7,ESCALATED,100,100,POSSIBLE_HOST_COMPROMISE,CRITICAL,TRIAGED,35,35,LEGACY_ESCALATION_NORMALIZED,LOW
1438,2026-05-16T21:12:45.686Z,darkstar,Dpkg (Debian Package) half configured.,7,ESCALATED,100,100,POSSIBLE_HOST_COMPROMISE,CRITICAL,TRIAGED,35,35,LEGACY_ESCALATION_NORMALIZED,LOW
1439,2026-05-16T21:12:45.697Z,darkstar,Dpkg (Debian Package) half configured.,7,ESCALATED,100,100,POSSIBLE_HOST_COMPROMISE,CRITICAL,TRIAGED,35,35,LEGACY_ESCALATION_NORMALIZED,LOW
1440,2026-05-16T21:12:46.682Z,darkstar,Dpkg (Debian Package) half configured.,7,ESCALATED,100,100,POSSIBLE_HOST_COMPROMISE,CRITICAL,TRIAGED,35,35,LEGACY_ESCALATION_NORMALIZED,LOW
1441,2026-05-16T21:12:46.692Z,darkstar,Dpkg (Debian Package) half configured.,7,ESCALATED,100,100,POSSIBLE_HOST_COMPROMISE,CRITICAL,TRIAGED,35,35,LEGACY_ESCALATION_NORMALIZED,LOW
1442,2026-05-16T21:12:47.730Z,darkstar,Dpkg (Debian Package) half configured.,7,ESCALATED,100,100,POSSIBLE_HOST_COMPROMISE,CRITICAL,TRIAGED,35,35,LEGACY_ESCALATION_NORMALIZED,LOW
1443,2026-05-16T21:12:47.732Z,darkstar,New dpkg (Debian Package) installed.,7,ESCALATED,100,100,POSSIBLE_HOST_COMPROMISE,CRITICAL,TRIAGED,35,35,LEGACY_ESCALATION_NORMALIZED,LOW
1444,2026-05-16T21:12:47.740Z,darkstar,Dpkg (Debian Package) half configured.,7,ESCALATED,100,100,POSSIBLE_HOST_COMPROMISE,CRITICAL,TRIAGED,35,35,LEGACY_ESCALATION_NORMALIZED,LOW
1445,2026-05-16T21:12:47.741Z,darkstar,New dpkg (Debian Package) installed.,7,ESCALATED,100,100,POSSIBLE_HOST_COMPROMISE,CRITICAL,TRIAGED,35,35,LEGACY_ESCALATION_NORMALIZED,LOW
1446,2026-05-16T21:12:47.747Z,darkstar,Dpkg (Debian Package) half configured.,7,ESCALATED,100,100,POSSIBLE_HOST_COMPROMISE,CRITICAL,TRIAGED,35,35,LEGACY_ESCALATION_NORMALIZED,LOW
1447,2026-05-16T21:12:47.749Z,darkstar,New dpkg (Debian Package) installed.,7,ESCALATED,100,100,POSSIBLE_HOST_COMPROMISE,CRITICAL,TRIAGED,35,35,LEGACY_ESCALATION_NORMALIZED,LOW
1448,2026-05-16T21:12:47.756Z,darkstar,Dpkg (Debian Package) half configured.,7,ESCALATED,100,100,POSSIBLE_HOST_COMPROMISE,CRITICAL,TRIAGED,35,35,LEGACY_ESCALATION_NORMALIZED,LOW
1449,2026-05-16T21:12:47.758Z,darkstar,New dpkg (Debian Package) installed.,7,ESCALATED,100,100,POSSIBLE_HOST_COMPROMISE,CRITICAL,TRIAGED,35,35,LEGACY_ESCALATION_NORMALIZED,LOW
1450,2026-05-16T21:12:47.764Z,darkstar,Dpkg (Debian Package) half configured.,7,ESCALATED,100,100,POSSIBLE_HOST_COMPROMISE,CRITICAL,TRIAGED,35,35,LEGACY_ESCALATION_NORMALIZED,LOW
1451,2026-05-16T21:13:20.008Z,darkstar,New dpkg (Debian Package) installed.,7,ESCALATED,100,100,POSSIBLE_HOST_COMPROMISE,CRITICAL,TRIAGED,35,35,LEGACY_ESCALATION_NORMALIZED,LOW
1452,2026-05-16T21:13:20.012Z,darkstar,Dpkg (Debian Package) half configured.,7,ESCALATED,100,100,POSSIBLE_HOST_COMPROMISE,CRITICAL,TRIAGED,35,35,LEGACY_ESCALATION_NORMALIZED,LOW
1453,2026-05-16T21:13:20.015Z,darkstar,New dpkg (Debian Package) installed.,7,ESCALATED,100,100,POSSIBLE_HOST_COMPROMISE,CRITICAL,TRIAGED,35,35,LEGACY_ESCALATION_NORMALIZED,LOW
1454,2026-05-16T21:13:20.019Z,darkstar,Dpkg (Debian Package) half configured.,7,ESCALATED,100,100,POSSIBLE_HOST_COMPROMISE,CRITICAL,TRIAGED,35,35,LEGACY_ESCALATION_NORMALIZED,LOW
1455,2026-05-16T21:13:20.021Z,darkstar,New dpkg (Debian Package) installed.,7,ESCALATED,100,100,POSSIBLE_HOST_COMPROMISE,CRITICAL,TRIAGED,35,35,LEGACY_ESCALATION_NORMALIZED,LOW
1458,2026-05-16T21:13:49.680Z,darkstar,Systemd: Service exited due to a failure.,5,ESCALATED,100,100,POSSIBLE_HOST_COMPROMISE,CRITICAL,TRIAGED,35,35,LEGACY_ESCALATION_NORMALIZED,LOW
1459,2026-05-16T21:19:26.715Z,darkstar,,4,ESCALATED,100,100,POSSIBLE_HOST_COMPROMISE,CRITICAL,TRIAGED,35,35,LEGACY_ESCALATION_NORMALIZED,LOW
1472,2026-05-16T21:33:49.870Z,darkstar,Systemd: Service exited due to a failure.,5,ESCALATED,100,100,POSSIBLE_HOST_COMPROMISE,CRITICAL,TRIAGED,35,35,LEGACY_ESCALATION_NORMALIZED,LOW
1497,2026-05-16T21:53:50.383Z,darkstar,Systemd: Service exited due to a failure.,5,ESCALATED,100,100,POSSIBLE_HOST_COMPROMISE,CRITICAL,TRIAGED,35,35,LEGACY_ESCALATION_NORMALIZED,LOW
1516,2026-05-16T22:13:50.563Z,darkstar,Systemd: Service exited due to a failure.,5,ESCALATED,100,100,POSSIBLE_HOST_COMPROMISE,CRITICAL,TRIAGED,35,35,LEGACY_ESCALATION_NORMALIZED,LOW
1517,2026-05-16T22:14:16.673Z,darkstar,,4,ESCALATED,100,100,POSSIBLE_HOST_COMPROMISE,CRITICAL,TRIAGED,35,35,LEGACY_ESCALATION_NORMALIZED,LOW
1536,2026-05-16T22:33:50.741Z,darkstar,Systemd: Service exited due to a failure.,5,ESCALATED,100,100,POSSIBLE_HOST_COMPROMISE,CRITICAL,TRIAGED,35,35,LEGACY_ESCALATION_NORMALIZED,LOW
1562,2026-05-16T22:53:50.890Z,darkstar,Systemd: Service exited due to a failure.,5,ESCALATED,100,100,POSSIBLE_HOST_COMPROMISE,CRITICAL,TRIAGED,35,35,LEGACY_ESCALATION_NORMALIZED,LOW
1575,2026-05-16T23:04:35.448Z,darkstar,,4,ESCALATED,100,100,POSSIBLE_HOST_COMPROMISE,CRITICAL,TRIAGED,35,35,LEGACY_ESCALATION_NORMALIZED,LOW
1594,2026-05-16T23:13:51.657Z,darkstar,Systemd: Service exited due to a failure.,5,ESCALATED,100,100,POSSIBLE_HOST_COMPROMISE,CRITICAL,TRIAGED,35,35,LEGACY_ESCALATION_NORMALIZED,LOW
1632,2026-05-16T23:33:51.440Z,darkstar,Systemd: Service exited due to a failure.,5,ESCALATED,100,100,POSSIBLE_HOST_COMPROMISE,CRITICAL,TRIAGED,35,35,LEGACY_ESCALATION_NORMALIZED,LOW
1691,2026-05-17T08:22:50.926Z,darkstar,Host-based anomaly detection event (rootcheck).,7,ESCALATED,100,100,POSSIBLE_PERSISTENCE,CRITICAL,TRIAGED,35,35,LEGACY_ESCALATION_NORMALIZED,LOW
1692,2026-05-17T08:22:50.928Z,darkstar,Host-based anomaly detection event (rootcheck).,7,ESCALATED,100,100,POSSIBLE_PERSISTENCE,CRITICAL,TRIAGED,35,35,LEGACY_ESCALATION_NORMALIZED,LOW
1693,2026-05-17T08:22:50.930Z,darkstar,Host-based anomaly detection event (rootcheck).,7,ESCALATED,100,100,POSSIBLE_PERSISTENCE,CRITICAL,TRIAGED,35,35,LEGACY_ESCALATION_NORMALIZED,LOW
1694,2026-05-17T08:22:50.932Z,darkstar,Host-based anomaly detection event (rootcheck).,7,ESCALATED,100,100,POSSIBLE_PERSISTENCE,CRITICAL,TRIAGED,35,35,LEGACY_ESCALATION_NORMALIZED,LOW
1695,2026-05-17T08:22:50.934Z,darkstar,Host-based anomaly detection event (rootcheck).,7,ESCALATED,100,100,POSSIBLE_PERSISTENCE,CRITICAL,TRIAGED,35,35,LEGACY_ESCALATION_NORMALIZED,LOW
1696,2026-05-17T08:22:50.935Z,darkstar,Host-based anomaly detection event (rootcheck).,7,ESCALATED,100,100,POSSIBLE_PERSISTENCE,CRITICAL,TRIAGED,35,35,LEGACY_ESCALATION_NORMALIZED,LOW
1697,2026-05-17T08:22:51.243Z,darkstar,Host-based anomaly detection event (rootcheck).,7,ESCALATED,100,100,POSSIBLE_PERSISTENCE,CRITICAL,TRIAGED,35,35,LEGACY_ESCALATION_NORMALIZED,LOW
1698,2026-05-17T08:22:51.467Z,darkstar,Host-based anomaly detection event (rootcheck).,7,ESCALATED,100,100,POSSIBLE_PERSISTENCE,CRITICAL,TRIAGED,35,35,LEGACY_ESCALATION_NORMALIZED,LOW
2934,2026-05-17T18:54:06.627Z,darkstar,Systemd: Service exited due to a failure.,5,ESCALATED,100,100,POSSIBLE_HOST_COMPROMISE,CRITICAL,TRIAGED,35,35,LEGACY_ESCALATION_NORMALIZED,LOW
2935,2026-05-17T18:54:06.627Z,darkstar,Systemd: Service exited due to a failure.,5,ESCALATED,100,100,POSSIBLE_HOST_COMPROMISE,CRITICAL,TRIAGED,35,35,LEGACY_ESCALATION_NORMALIZED,LOW
3337,2026-05-17T19:00:02.712Z,atomicstar,Apparmor DENIED,3,ESCALATED,100,100,RECON_TO_AUTH_CHAIN,CRITICAL,TRIAGED,35,35,LEGACY_ESCALATION_NORMALIZED,LOW
3338,2026-05-17T19:00:02.987Z,atomicstar,Apparmor DENIED,3,ESCALATED,100,100,RECON_TO_AUTH_CHAIN,CRITICAL,TRIAGED,35,35,LEGACY_ESCALATION_NORMALIZED,LOW
3339,2026-05-17T19:00:02.987Z,atomicstar,Apparmor DENIED,3,ESCALATED,100,100,RECON_TO_AUTH_CHAIN,CRITICAL,TRIAGED,35,35,LEGACY_ESCALATION_NORMALIZED,LOW
3340,2026-05-17T19:00:03.002Z,atomicstar,Systemd: Service exited due to a failure.,5,ESCALATED,100,100,RECON_TO_AUTH_CHAIN,CRITICAL,TRIAGED,35,35,LEGACY_ESCALATION_NORMALIZED,LOW
3341,2026-05-17T19:00:03.002Z,atomicstar,Apparmor DENIED,3,ESCALATED,100,100,RECON_TO_AUTH_CHAIN,CRITICAL,TRIAGED,35,35,LEGACY_ESCALATION_NORMALIZED,LOW
3342,2026-05-17T19:00:03.002Z,atomicstar,Systemd: Service exited due to a failure.,5,ESCALATED,100,100,RECON_TO_AUTH_CHAIN,CRITICAL,TRIAGED,35,35,LEGACY_ESCALATION_NORMALIZED,LOW
3343,2026-05-17T19:00:03.002Z,atomicstar,Apparmor DENIED,3,ESCALATED,100,100,RECON_TO_AUTH_CHAIN,CRITICAL,TRIAGED,35,35,LEGACY_ESCALATION_NORMALIZED,LOW
3344,2026-05-17T19:00:03.170Z,atomicstar,Apparmor messages grouped.,3,ESCALATED,100,100,RECON_TO_AUTH_CHAIN,CRITICAL,TRIAGED,35,35,LEGACY_ESCALATION_NORMALIZED,LOW
3345,2026-05-17T19:00:03.170Z,atomicstar,Apparmor messages grouped.,3,ESCALATED,100,100,RECON_TO_AUTH_CHAIN,CRITICAL,TRIAGED,35,35,LEGACY_ESCALATION_NORMALIZED,LOW
3346,2026-05-17T19:00:03.170Z,atomicstar,Apparmor DENIED,3,ESCALATED,100,100,RECON_TO_AUTH_CHAIN,CRITICAL,TRIAGED,35,35,LEGACY_ESCALATION_NORMALIZED,LOW
3347,2026-05-17T19:00:03.170Z,atomicstar,Apparmor DENIED,3,ESCALATED,100,100,RECON_TO_AUTH_CHAIN,CRITICAL,TRIAGED,35,35,LEGACY_ESCALATION_NORMALIZED,LOW
3348,2026-05-17T19:00:03.250Z,atomicstar,Systemd: Service exited due to a failure.,5,ESCALATED,100,100,RECON_TO_AUTH_CHAIN,CRITICAL,TRIAGED,35,35,LEGACY_ESCALATION_NORMALIZED,LOW
3349,2026-05-17T19:00:03.250Z,atomicstar,Apparmor DENIED,3,ESCALATED,100,100,RECON_TO_AUTH_CHAIN,CRITICAL,TRIAGED,35,35,LEGACY_ESCALATION_NORMALIZED,LOW
3350,2026-05-17T19:00:03.250Z,atomicstar,Systemd: Service exited due to a failure.,5,ESCALATED,100,100,RECON_TO_AUTH_CHAIN,CRITICAL,TRIAGED,35,35,LEGACY_ESCALATION_NORMALIZED,LOW
3351,2026-05-17T19:00:03.250Z,atomicstar,Apparmor DENIED,3,ESCALATED,100,100,RECON_TO_AUTH_CHAIN,CRITICAL,TRIAGED,35,35,LEGACY_ESCALATION_NORMALIZED,LOW
3352,2026-05-17T19:00:03.442Z,atomicstar,Systemd: Service exited due to a failure.,5,ESCALATED,100,100,RECON_TO_AUTH_CHAIN,CRITICAL,TRIAGED,35,35,LEGACY_ESCALATION_NORMALIZED,LOW
3353,2026-05-17T19:00:03.442Z,atomicstar,Systemd: Service exited due to a failure.,5,ESCALATED,100,100,RECON_TO_AUTH_CHAIN,CRITICAL,TRIAGED,35,35,LEGACY_ESCALATION_NORMALIZED,LOW
3354,2026-05-17T19:00:03.485Z,atomicstar,Systemd: Service exited due to a failure.,5,ESCALATED,100,100,RECON_TO_AUTH_CHAIN,CRITICAL,TRIAGED,35,35,LEGACY_ESCALATION_NORMALIZED,LOW
3355,2026-05-17T19:00:03.485Z,atomicstar,Systemd: Service exited due to a failure.,5,ESCALATED,100,100,RECON_TO_AUTH_CHAIN,CRITICAL,TRIAGED,35,35,LEGACY_ESCALATION_NORMALIZED,LOW
3356,2026-05-17T19:00:04.299Z,atomicstar,Systemd: Service exited due to a failure.,5,ESCALATED,100,100,RECON_TO_AUTH_CHAIN,CRITICAL,TRIAGED,35,35,LEGACY_ESCALATION_NORMALIZED,LOW
3357,2026-05-17T19:00:04.299Z,atomicstar,Systemd: Service exited due to a failure.,5,ESCALATED,100,100,RECON_TO_AUTH_CHAIN,CRITICAL,TRIAGED,35,35,LEGACY_ESCALATION_NORMALIZED,LOW
3358,2026-05-17T19:00:08.509Z,atomicstar,Systemd: Service exited due to a failure.,5,ESCALATED,100,100,RECON_TO_AUTH_CHAIN,CRITICAL,TRIAGED,35,35,LEGACY_ESCALATION_NORMALIZED,LOW
3359,2026-05-17T19:00:08.509Z,atomicstar,Systemd: Service exited due to a failure.,5,ESCALATED,100,100,RECON_TO_AUTH_CHAIN,CRITICAL,TRIAGED,35,35,LEGACY_ESCALATION_NORMALIZED,LOW
3360,2026-05-17T19:00:12.655Z,atomicstar,Systemd: Service exited due to a failure.,5,ESCALATED,100,100,RECON_TO_AUTH_CHAIN,CRITICAL,TRIAGED,35,35,LEGACY_ESCALATION_NORMALIZED,LOW
3361,2026-05-17T19:00:12.655Z,atomicstar,Systemd: Service exited due to a failure.,5,ESCALATED,100,100,RECON_TO_AUTH_CHAIN,CRITICAL,TRIAGED,35,35,LEGACY_ESCALATION_NORMALIZED,LOW
3362,2026-05-17T19:00:16.869Z,atomicstar,Systemd: Service exited due to a failure.,5,ESCALATED,100,100,RECON_TO_AUTH_CHAIN,CRITICAL,TRIAGED,35,35,LEGACY_ESCALATION_NORMALIZED,LOW
3363,2026-05-17T19:00:16.869Z,atomicstar,Systemd: Service exited due to a failure.,5,ESCALATED,100,100,RECON_TO_AUTH_CHAIN,CRITICAL,TRIAGED,35,35,LEGACY_ESCALATION_NORMALIZED,LOW
3364,2026-05-17T19:00:17.252Z,atomicstar,Apparmor DENIED,3,ESCALATED,100,100,RECON_TO_AUTH_CHAIN,CRITICAL,TRIAGED,35,35,LEGACY_ESCALATION_NORMALIZED,LOW
3365,2026-05-17T19:00:17.252Z,atomicstar,Apparmor DENIED,3,ESCALATED,100,100,RECON_TO_AUTH_CHAIN,CRITICAL,TRIAGED,35,35,LEGACY_ESCALATION_NORMALIZED,LOW
3366,2026-05-17T19:00:17.252Z,atomicstar,Apparmor messages grouped.,3,ESCALATED,100,100,RECON_TO_AUTH_CHAIN,CRITICAL,TRIAGED,35,35,LEGACY_ESCALATION_NORMALIZED,LOW
3367,2026-05-17T19:00:17.252Z,atomicstar,Apparmor messages grouped.,3,ESCALATED,100,100,RECON_TO_AUTH_CHAIN,CRITICAL,TRIAGED,35,35,LEGACY_ESCALATION_NORMALIZED,LOW
3368,2026-05-17T19:00:18.629Z,atomicstar,Systemd: Service exited due to a failure.,5,ESCALATED,100,100,RECON_TO_AUTH_CHAIN,CRITICAL,TRIAGED,35,35,LEGACY_ESCALATION_NORMALIZED,LOW
3369,2026-05-17T19:00:18.629Z,atomicstar,Systemd: Service exited due to a failure.,5,ESCALATED,100,100,RECON_TO_AUTH_CHAIN,CRITICAL,TRIAGED,35,35,LEGACY_ESCALATION_NORMALIZED,LOW
3370,2026-05-17T19:00:21.214Z,atomicstar,Systemd: Service exited due to a failure.,5,ESCALATED,100,100,RECON_TO_AUTH_CHAIN,CRITICAL,TRIAGED,35,35,LEGACY_ESCALATION_NORMALIZED,LOW
3371,2026-05-17T19:00:21.214Z,atomicstar,Systemd: Service exited due to a failure.,5,ESCALATED,100,100,RECON_TO_AUTH_CHAIN,CRITICAL,TRIAGED,35,35,LEGACY_ESCALATION_NORMALIZED,LOW
3372,2026-05-17T19:00:21.614Z,atomicstar,Apparmor messages grouped.,3,ESCALATED,100,100,RECON_TO_AUTH_CHAIN,CRITICAL,TRIAGED,35,35,LEGACY_ESCALATION_NORMALIZED,LOW
3373,2026-05-17T19:00:21.614Z,atomicstar,Apparmor DENIED,3,ESCALATED,100,100,RECON_TO_AUTH_CHAIN,CRITICAL,TRIAGED,35,35,LEGACY_ESCALATION_NORMALIZED,LOW
3374,2026-05-17T19:00:21.614Z,atomicstar,Apparmor messages grouped.,3,ESCALATED,100,100,RECON_TO_AUTH_CHAIN,CRITICAL,TRIAGED,35,35,LEGACY_ESCALATION_NORMALIZED,LOW
3375,2026-05-17T19:00:21.614Z,atomicstar,Apparmor DENIED,3,ESCALATED,100,100,RECON_TO_AUTH_CHAIN,CRITICAL,TRIAGED,35,35,LEGACY_ESCALATION_NORMALIZED,LOW
3376,2026-05-17T19:00:25.213Z,atomicstar,Systemd: Service exited due to a failure.,5,ESCALATED,100,100,RECON_TO_AUTH_CHAIN,CRITICAL,TRIAGED,35,35,LEGACY_ESCALATION_NORMALIZED,LOW
3377,2026-05-17T19:00:25.213Z,atomicstar,Systemd: Service exited due to a failure.,5,ESCALATED,100,100,RECON_TO_AUTH_CHAIN,CRITICAL,TRIAGED,35,35,LEGACY_ESCALATION_NORMALIZED,LOW
3378,2026-05-17T19:00:29.194Z,atomicstar,Systemd: Service exited due to a failure.,5,ESCALATED,100,100,RECON_TO_AUTH_CHAIN,CRITICAL,TRIAGED,35,35,LEGACY_ESCALATION_NORMALIZED,LOW
3379,2026-05-17T19:00:29.194Z,atomicstar,Systemd: Service exited due to a failure.,5,ESCALATED,100,100,RECON_TO_AUTH_CHAIN,CRITICAL,TRIAGED,35,35,LEGACY_ESCALATION_NORMALIZED,LOW
3380,2026-05-17T19:00:33.214Z,atomicstar,Systemd: Service exited due to a failure.,5,ESCALATED,100,100,RECON_TO_AUTH_CHAIN,CRITICAL,TRIAGED,35,35,LEGACY_ESCALATION_NORMALIZED,LOW
3381,2026-05-17T19:00:33.214Z,atomicstar,Systemd: Service exited due to a failure.,5,ESCALATED,100,100,RECON_TO_AUTH_CHAIN,CRITICAL,TRIAGED,35,35,LEGACY_ESCALATION_NORMALIZED,LOW
3382,2026-05-17T19:00:36.792Z,atomicstar,Apparmor messages grouped.,3,ESCALATED,100,100,RECON_TO_AUTH_CHAIN,CRITICAL,TRIAGED,35,35,LEGACY_ESCALATION_NORMALIZED,LOW
3383,2026-05-17T19:00:36.792Z,atomicstar,Apparmor messages grouped.,3,ESCALATED,100,100,RECON_TO_AUTH_CHAIN,CRITICAL,TRIAGED,35,35,LEGACY_ESCALATION_NORMALIZED,LOW
3384,2026-05-17T19:00:36.793Z,atomicstar,Apparmor DENIED,3,ESCALATED,100,100,RECON_TO_AUTH_CHAIN,CRITICAL,TRIAGED,35,35,LEGACY_ESCALATION_NORMALIZED,LOW
3385,2026-05-17T19:00:36.793Z,atomicstar,Apparmor DENIED,3,ESCALATED,100,100,RECON_TO_AUTH_CHAIN,CRITICAL,TRIAGED,35,35,LEGACY_ESCALATION_NORMALIZED,LOW
3386,2026-05-17T19:00:37.573Z,atomicstar,Systemd: Service exited due to a failure.,5,ESCALATED,100,100,RECON_TO_AUTH_CHAIN,CRITICAL,TRIAGED,35,35,LEGACY_ESCALATION_NORMALIZED,LOW
3387,2026-05-17T19:00:37.573Z,atomicstar,Systemd: Service exited due to a failure.,5,ESCALATED,100,100,RECON_TO_AUTH_CHAIN,CRITICAL,TRIAGED,35,35,LEGACY_ESCALATION_NORMALIZED,LOW
3388,2026-05-17T19:00:38.341Z,atomicstar,Systemd: Service exited due to a failure.,5,ESCALATED,100,100,RECON_TO_AUTH_CHAIN,CRITICAL,TRIAGED,35,35,LEGACY_ESCALATION_NORMALIZED,LOW
3389,2026-05-17T19:00:38.341Z,atomicstar,Systemd: Service exited due to a failure.,5,ESCALATED,100,100,RECON_TO_AUTH_CHAIN,CRITICAL,TRIAGED,35,35,LEGACY_ESCALATION_NORMALIZED,LOW
3390,2026-05-17T19:00:40.850Z,atomicstar,Apparmor messages grouped.,3,ESCALATED,100,100,RECON_TO_AUTH_CHAIN,CRITICAL,TRIAGED,35,35,LEGACY_ESCALATION_NORMALIZED,LOW
3391,2026-05-17T19:00:40.850Z,atomicstar,Apparmor messages grouped.,3,ESCALATED,100,100,RECON_TO_AUTH_CHAIN,CRITICAL,TRIAGED,35,35,LEGACY_ESCALATION_NORMALIZED,LOW
3392,2026-05-17T19:00:40.865Z,atomicstar,Apparmor DENIED,3,ESCALATED,100,100,RECON_TO_AUTH_CHAIN,CRITICAL,TRIAGED,35,35,LEGACY_ESCALATION_NORMALIZED,LOW
3393,2026-05-17T19:00:40.865Z,atomicstar,Apparmor DENIED,3,ESCALATED,100,100,RECON_TO_AUTH_CHAIN,CRITICAL,TRIAGED,35,35,LEGACY_ESCALATION_NORMALIZED,LOW
3394,2026-05-17T19:00:42.530Z,atomicstar,Systemd: Service exited due to a failure.,5,ESCALATED,100,100,RECON_TO_AUTH_CHAIN,CRITICAL,TRIAGED,35,35,LEGACY_ESCALATION_NORMALIZED,LOW
3395,2026-05-17T19:00:42.530Z,atomicstar,Systemd: Service exited due to a failure.,5,ESCALATED,100,100,RECON_TO_AUTH_CHAIN,CRITICAL,TRIAGED,35,35,LEGACY_ESCALATION_NORMALIZED,LOW
3396,2026-05-17T19:00:46.667Z,atomicstar,Systemd: Service exited due to a failure.,5,ESCALATED,100,100,RECON_TO_AUTH_CHAIN,CRITICAL,TRIAGED,35,35,LEGACY_ESCALATION_NORMALIZED,LOW
3397,2026-05-17T19:00:46.667Z,atomicstar,Systemd: Service exited due to a failure.,5,ESCALATED,100,100,RECON_TO_AUTH_CHAIN,CRITICAL,TRIAGED,35,35,LEGACY_ESCALATION_NORMALIZED,LOW
3398,2026-05-17T19:00:51.070Z,atomicstar,Systemd: Service exited due to a failure.,5,ESCALATED,100,100,RECON_TO_AUTH_CHAIN,CRITICAL,TRIAGED,35,35,LEGACY_ESCALATION_NORMALIZED,LOW
3399,2026-05-17T19:00:51.070Z,atomicstar,Systemd: Service exited due to a failure.,5,ESCALATED,100,100,RECON_TO_AUTH_CHAIN,CRITICAL,TRIAGED,35,35,LEGACY_ESCALATION_NORMALIZED,LOW
3400,2026-05-17T19:00:55.152Z,atomicstar,Systemd: Service exited due to a failure.,5,ESCALATED,100,100,RECON_TO_AUTH_CHAIN,CRITICAL,TRIAGED,35,35,LEGACY_ESCALATION_NORMALIZED,LOW
3401,2026-05-17T19:00:55.152Z,atomicstar,Systemd: Service exited due to a failure.,5,ESCALATED,100,100,RECON_TO_AUTH_CHAIN,CRITICAL,TRIAGED,35,35,LEGACY_ESCALATION_NORMALIZED,LOW
3402,2026-05-17T19:00:55.450Z,atomicstar,Apparmor messages grouped.,3,ESCALATED,100,100,RECON_TO_AUTH_CHAIN,CRITICAL,TRIAGED,35,35,LEGACY_ESCALATION_NORMALIZED,LOW
3403,2026-05-17T19:00:55.450Z,atomicstar,Apparmor DENIED,3,ESCALATED,100,100,RECON_TO_AUTH_CHAIN,CRITICAL,TRIAGED,35,35,LEGACY_ESCALATION_NORMALIZED,LOW
3404,2026-05-17T19:00:55.450Z,atomicstar,Apparmor messages grouped.,3,ESCALATED,100,100,RECON_TO_AUTH_CHAIN,CRITICAL,TRIAGED,35,35,LEGACY_ESCALATION_NORMALIZED,LOW
3405,2026-05-17T19:00:55.450Z,atomicstar,Apparmor DENIED,3,ESCALATED,100,100,RECON_TO_AUTH_CHAIN,CRITICAL,TRIAGED,35,35,LEGACY_ESCALATION_NORMALIZED,LOW
3406,2026-05-17T19:00:56.743Z,atomicstar,Systemd: Service exited due to a failure.,5,ESCALATED,100,100,RECON_TO_AUTH_CHAIN,CRITICAL,TRIAGED,35,35,LEGACY_ESCALATION_NORMALIZED,LOW
3407,2026-05-17T19:00:56.743Z,atomicstar,Systemd: Service exited due to a failure.,5,ESCALATED,100,100,RECON_TO_AUTH_CHAIN,CRITICAL,TRIAGED,35,35,LEGACY_ESCALATION_NORMALIZED,LOW
3408,2026-05-17T19:00:59.165Z,atomicstar,Systemd: Service exited due to a failure.,5,ESCALATED,100,100,RECON_TO_AUTH_CHAIN,CRITICAL,TRIAGED,35,35,LEGACY_ESCALATION_NORMALIZED,LOW
3409,2026-05-17T19:00:59.165Z,atomicstar,Systemd: Service exited due to a failure.,5,ESCALATED,100,100,RECON_TO_AUTH_CHAIN,CRITICAL,TRIAGED,35,35,LEGACY_ESCALATION_NORMALIZED,LOW
3410,2026-05-17T19:00:59.319Z,atomicstar,Apparmor DENIED,3,ESCALATED,100,100,RECON_TO_AUTH_CHAIN,CRITICAL,TRIAGED,35,35,LEGACY_ESCALATION_NORMALIZED,LOW
3411,2026-05-17T19:00:59.319Z,atomicstar,Apparmor messages grouped.,3,ESCALATED,100,100,RECON_TO_AUTH_CHAIN,CRITICAL,TRIAGED,35,35,LEGACY_ESCALATION_NORMALIZED,LOW
3412,2026-05-17T19:00:59.319Z,atomicstar,Apparmor DENIED,3,ESCALATED,100,100,RECON_TO_AUTH_CHAIN,CRITICAL,TRIAGED,35,35,LEGACY_ESCALATION_NORMALIZED,LOW
3413,2026-05-17T19:00:59.319Z,atomicstar,Apparmor messages grouped.,3,ESCALATED,100,100,RECON_TO_AUTH_CHAIN,CRITICAL,TRIAGED,35,35,LEGACY_ESCALATION_NORMALIZED,LOW
3414,2026-05-17T19:01:03.188Z,atomicstar,Systemd: Service exited due to a failure.,5,ESCALATED,100,100,RECON_TO_AUTH_CHAIN,CRITICAL,TRIAGED,35,35,LEGACY_ESCALATION_NORMALIZED,LOW
3415,2026-05-17T19:01:03.188Z,atomicstar,Systemd: Service exited due to a failure.,5,ESCALATED,100,100,RECON_TO_AUTH_CHAIN,CRITICAL,TRIAGED,35,35,LEGACY_ESCALATION_NORMALIZED,LOW
3416,2026-05-17T19:01:07.564Z,atomicstar,Systemd: Service exited due to a failure.,5,ESCALATED,100,100,RECON_TO_AUTH_CHAIN,CRITICAL,TRIAGED,35,35,LEGACY_ESCALATION_NORMALIZED,LOW
3417,2026-05-17T19:01:07.564Z,atomicstar,Systemd: Service exited due to a failure.,5,ESCALATED,100,100,RECON_TO_AUTH_CHAIN,CRITICAL,TRIAGED,35,35,LEGACY_ESCALATION_NORMALIZED,LOW
3418,2026-05-17T19:01:12.337Z,atomicstar,Systemd: Service exited due to a failure.,5,ESCALATED,100,100,RECON_TO_AUTH_CHAIN,CRITICAL,TRIAGED,35,35,LEGACY_ESCALATION_NORMALIZED,LOW
3419,2026-05-17T19:01:12.337Z,atomicstar,Systemd: Service exited due to a failure.,5,ESCALATED,100,100,RECON_TO_AUTH_CHAIN,CRITICAL,TRIAGED,35,35,LEGACY_ESCALATION_NORMALIZED,LOW
3420,2026-05-17T19:01:14.247Z,atomicstar,Agent event queue is 90% full.,7,ESCALATED,100,100,RECON_TO_AUTH_CHAIN,CRITICAL,TRIAGED,35,35,LEGACY_ESCALATION_NORMALIZED,LOW
3421,2026-05-17T19:01:14.247Z,atomicstar,Agent event queue is 90% full.,7,ESCALATED,100,100,RECON_TO_AUTH_CHAIN,CRITICAL,TRIAGED,35,35,LEGACY_ESCALATION_NORMALIZED,LOW
3422,2026-05-17T19:01:16.249Z,atomicstar,Agent event queue is full. Events may be lost.,9,ESCALATED,100,100,RECON_TO_AUTH_CHAIN,CRITICAL,TRIAGED,35,35,LEGACY_ESCALATION_NORMALIZED,LOW
3423,2026-05-17T19:01:16.249Z,atomicstar,Agent event queue is full. Events may be lost.,9,ESCALATED,100,100,RECON_TO_AUTH_CHAIN,CRITICAL,TRIAGED,35,35,LEGACY_ESCALATION_NORMALIZED,LOW
3424,2026-05-17T19:01:18.113Z,atomicstar,Apparmor DENIED,3,ESCALATED,100,100,RECON_TO_AUTH_CHAIN,CRITICAL,TRIAGED,35,35,LEGACY_ESCALATION_NORMALIZED,LOW
3425,2026-05-17T19:01:18.113Z,atomicstar,Apparmor messages grouped.,3,ESCALATED,100,100,RECON_TO_AUTH_CHAIN,CRITICAL,TRIAGED,35,35,LEGACY_ESCALATION_NORMALIZED,LOW
3426,2026-05-17T19:01:18.113Z,atomicstar,Apparmor messages grouped.,3,ESCALATED,100,100,RECON_TO_AUTH_CHAIN,CRITICAL,TRIAGED,35,35,LEGACY_ESCALATION_NORMALIZED,LOW
3427,2026-05-17T19:01:18.113Z,atomicstar,Apparmor DENIED,3,ESCALATED,100,100,RECON_TO_AUTH_CHAIN,CRITICAL,TRIAGED,35,35,LEGACY_ESCALATION_NORMALIZED,LOW
3428,2026-05-17T19:01:18.266Z,atomicstar,Agent event queue is full. Events may be lost.,9,ESCALATED,100,100,RECON_TO_AUTH_CHAIN,CRITICAL,TRIAGED,35,35,LEGACY_ESCALATION_NORMALIZED,LOW
3429,2026-05-17T19:01:18.266Z,atomicstar,Agent event queue is full. Events may be lost.,9,ESCALATED,100,100,RECON_TO_AUTH_CHAIN,CRITICAL,TRIAGED,35,35,LEGACY_ESCALATION_NORMALIZED,LOW
3430,2026-05-17T19:01:20.289Z,atomicstar,Agent event queue is full. Events may be lost.,9,ESCALATED,100,100,RECON_TO_AUTH_CHAIN,CRITICAL,TRIAGED,35,35,LEGACY_ESCALATION_NORMALIZED,LOW
3431,2026-05-17T19:01:20.289Z,atomicstar,Agent event queue is full. Events may be lost.,9,ESCALATED,100,100,RECON_TO_AUTH_CHAIN,CRITICAL,TRIAGED,35,35,LEGACY_ESCALATION_NORMALIZED,LOW
3432,2026-05-17T19:01:21.055Z,atomicstar,Systemd: Service exited due to a failure.,5,ESCALATED,100,100,RECON_TO_AUTH_CHAIN,CRITICAL,TRIAGED,35,35,LEGACY_ESCALATION_NORMALIZED,LOW
3433,2026-05-17T19:01:21.055Z,atomicstar,Systemd: Service exited due to a failure.,5,ESCALATED,100,100,RECON_TO_AUTH_CHAIN,CRITICAL,TRIAGED,35,35,LEGACY_ESCALATION_NORMALIZED,LOW
3434,2026-05-17T19:01:22.308Z,atomicstar,Agent event queue is full. Events may be lost.,9,ESCALATED,100,100,RECON_TO_AUTH_CHAIN,CRITICAL,TRIAGED,35,35,LEGACY_ESCALATION_NORMALIZED,LOW
3435,2026-05-17T19:01:22.308Z,atomicstar,Agent event queue is full. Events may be lost.,9,ESCALATED,100,100,RECON_TO_AUTH_CHAIN,CRITICAL,TRIAGED,35,35,LEGACY_ESCALATION_NORMALIZED,LOW
3436,2026-05-17T19:01:24.330Z,atomicstar,Agent event queue is full. Events may be lost.,9,ESCALATED,100,100,RECON_TO_AUTH_CHAIN,CRITICAL,TRIAGED,35,35,LEGACY_ESCALATION_NORMALIZED,LOW
3437,2026-05-17T19:01:24.330Z,atomicstar,Agent event queue is full. Events may be lost.,9,ESCALATED,100,100,RECON_TO_AUTH_CHAIN,CRITICAL,TRIAGED,35,35,LEGACY_ESCALATION_NORMALIZED,LOW
3438,2026-05-17T19:01:31.983Z,atomicstar,Agent event queue is back to normal load.,3,ESCALATED,100,100,RECON_TO_AUTH_CHAIN,CRITICAL,TRIAGED,35,35,LEGACY_ESCALATION_NORMALIZED,LOW
3439,2026-05-17T19:01:31.983Z,atomicstar,Agent event queue is back to normal load.,3,ESCALATED,100,100,RECON_TO_AUTH_CHAIN,CRITICAL,TRIAGED,35,35,LEGACY_ESCALATION_NORMALIZED,LOW
3440,2026-05-17T19:01:34.554Z,atomicstar,Systemd: Service exited due to a failure.,5,ESCALATED,100,100,RECON_TO_AUTH_CHAIN,CRITICAL,TRIAGED,35,35,LEGACY_ESCALATION_NORMALIZED,LOW
3441,2026-05-17T19:01:34.554Z,atomicstar,Systemd: Service exited due to a failure.,5,ESCALATED,100,100,RECON_TO_AUTH_CHAIN,CRITICAL,TRIAGED,35,35,LEGACY_ESCALATION_NORMALIZED,LOW
3442,2026-05-17T19:01:37.047Z,atomicstar,Systemd: Service exited due to a failure.,5,ESCALATED,100,100,RECON_TO_AUTH_CHAIN,CRITICAL,TRIAGED,35,35,LEGACY_ESCALATION_NORMALIZED,LOW
3443,2026-05-17T19:01:37.047Z,atomicstar,Systemd: Service exited due to a failure.,5,ESCALATED,100,100,RECON_TO_AUTH_CHAIN,CRITICAL,TRIAGED,35,35,LEGACY_ESCALATION_NORMALIZED,LOW
3444,2026-05-17T19:01:40.206Z,atomicstar,Systemd: Service exited due to a failure.,5,ESCALATED,100,100,RECON_TO_AUTH_CHAIN,CRITICAL,TRIAGED,35,35,LEGACY_ESCALATION_NORMALIZED,LOW
3445,2026-05-17T19:01:40.206Z,atomicstar,Systemd: Service exited due to a failure.,5,ESCALATED,100,100,RECON_TO_AUTH_CHAIN,CRITICAL,TRIAGED,35,35,LEGACY_ESCALATION_NORMALIZED,LOW
3446,2026-05-17T19:01:40.599Z,atomicstar,Apparmor DENIED,3,ESCALATED,100,100,RECON_TO_AUTH_CHAIN,CRITICAL,TRIAGED,35,35,LEGACY_ESCALATION_NORMALIZED,LOW
3447,2026-05-17T19:01:40.599Z,atomicstar,Apparmor messages grouped.,3,ESCALATED,100,100,RECON_TO_AUTH_CHAIN,CRITICAL,TRIAGED,35,35,LEGACY_ESCALATION_NORMALIZED,LOW
3448,2026-05-17T19:01:40.599Z,atomicstar,Apparmor messages grouped.,3,ESCALATED,100,100,RECON_TO_AUTH_CHAIN,CRITICAL,TRIAGED,35,35,LEGACY_ESCALATION_NORMALIZED,LOW
3449,2026-05-17T19:01:40.599Z,atomicstar,Apparmor DENIED,3,ESCALATED,100,100,RECON_TO_AUTH_CHAIN,CRITICAL,TRIAGED,35,35,LEGACY_ESCALATION_NORMALIZED,LOW
3450,2026-05-17T19:01:42.146Z,atomicstar,Systemd: Service exited due to a failure.,5,ESCALATED,100,100,RECON_TO_AUTH_CHAIN,CRITICAL,TRIAGED,35,35,LEGACY_ESCALATION_NORMALIZED,LOW
3451,2026-05-17T19:01:42.146Z,atomicstar,Systemd: Service exited due to a failure.,5,ESCALATED,100,100,RECON_TO_AUTH_CHAIN,CRITICAL,TRIAGED,35,35,LEGACY_ESCALATION_NORMALIZED,LOW
3452,2026-05-17T19:01:42.267Z,atomicstar,Apparmor DENIED,3,ESCALATED,100,100,RECON_TO_AUTH_CHAIN,CRITICAL,TRIAGED,35,35,LEGACY_ESCALATION_NORMALIZED,LOW
3453,2026-05-17T19:01:42.267Z,atomicstar,Apparmor messages grouped.,3,ESCALATED,100,100,RECON_TO_AUTH_CHAIN,CRITICAL,TRIAGED,35,35,LEGACY_ESCALATION_NORMALIZED,LOW
3454,2026-05-17T19:01:42.267Z,atomicstar,Apparmor messages grouped.,3,ESCALATED,100,100,RECON_TO_AUTH_CHAIN,CRITICAL,TRIAGED,35,35,LEGACY_ESCALATION_NORMALIZED,LOW
3455,2026-05-17T19:01:42.267Z,atomicstar,Apparmor DENIED,3,ESCALATED,100,100,RECON_TO_AUTH_CHAIN,CRITICAL,TRIAGED,35,35,LEGACY_ESCALATION_NORMALIZED,LOW
3456,2026-05-17T19:01:45.510Z,atomicstar,Systemd: Service exited due to a failure.,5,ESCALATED,100,100,RECON_TO_AUTH_CHAIN,CRITICAL,TRIAGED,35,35,LEGACY_ESCALATION_NORMALIZED,LOW
3457,2026-05-17T19:01:45.510Z,atomicstar,Systemd: Service exited due to a failure.,5,ESCALATED,100,100,RECON_TO_AUTH_CHAIN,CRITICAL,TRIAGED,35,35,LEGACY_ESCALATION_NORMALIZED,LOW
3458,2026-05-17T19:01:48.781Z,atomicstar,Systemd: Service exited due to a failure.,5,ESCALATED,100,100,RECON_TO_AUTH_CHAIN,CRITICAL,TRIAGED,35,35,LEGACY_ESCALATION_NORMALIZED,LOW
3459,2026-05-17T19:01:48.781Z,atomicstar,Systemd: Service exited due to a failure.,5,ESCALATED,100,100,RECON_TO_AUTH_CHAIN,CRITICAL,TRIAGED,35,35,LEGACY_ESCALATION_NORMALIZED,LOW
3460,2026-05-17T19:01:52.447Z,atomicstar,Systemd: Service exited due to a failure.,5,ESCALATED,100,100,RECON_TO_AUTH_CHAIN,CRITICAL,TRIAGED,35,35,LEGACY_ESCALATION_NORMALIZED,LOW
3461,2026-05-17T19:01:52.447Z,atomicstar,Systemd: Service exited due to a failure.,5,ESCALATED,100,100,RECON_TO_AUTH_CHAIN,CRITICAL,TRIAGED,35,35,LEGACY_ESCALATION_NORMALIZED,LOW
3462,2026-05-17T19:01:54.335Z,atomicstar,Apparmor messages grouped.,3,ESCALATED,100,100,RECON_TO_AUTH_CHAIN,CRITICAL,TRIAGED,35,35,LEGACY_ESCALATION_NORMALIZED,LOW
3463,2026-05-17T19:01:54.335Z,atomicstar,Apparmor DENIED,3,ESCALATED,100,100,RECON_TO_AUTH_CHAIN,CRITICAL,TRIAGED,35,35,LEGACY_ESCALATION_NORMALIZED,LOW
3464,2026-05-17T19:01:54.335Z,atomicstar,Apparmor messages grouped.,3,ESCALATED,100,100,RECON_TO_AUTH_CHAIN,CRITICAL,TRIAGED,35,35,LEGACY_ESCALATION_NORMALIZED,LOW
3465,2026-05-17T19:01:54.335Z,atomicstar,Apparmor DENIED,3,ESCALATED,100,100,RECON_TO_AUTH_CHAIN,CRITICAL,TRIAGED,35,35,LEGACY_ESCALATION_NORMALIZED,LOW
3466,2026-05-17T19:01:55.142Z,atomicstar,Systemd: Service exited due to a failure.,5,ESCALATED,100,100,RECON_TO_AUTH_CHAIN,CRITICAL,TRIAGED,35,35,LEGACY_ESCALATION_NORMALIZED,LOW
3467,2026-05-17T19:01:55.142Z,atomicstar,Systemd: Service exited due to a failure.,5,ESCALATED,100,100,RECON_TO_AUTH_CHAIN,CRITICAL,TRIAGED,35,35,LEGACY_ESCALATION_NORMALIZED,LOW
3468,2026-05-17T19:01:55.954Z,atomicstar,Systemd: Service exited due to a failure.,5,ESCALATED,100,100,RECON_TO_AUTH_CHAIN,CRITICAL,TRIAGED,35,35,LEGACY_ESCALATION_NORMALIZED,LOW
3469,2026-05-17T19:01:55.954Z,atomicstar,Systemd: Service exited due to a failure.,5,ESCALATED,100,100,RECON_TO_AUTH_CHAIN,CRITICAL,TRIAGED,35,35,LEGACY_ESCALATION_NORMALIZED,LOW
3470,2026-05-17T19:01:57.630Z,atomicstar,Apparmor messages grouped.,3,ESCALATED,100,100,RECON_TO_AUTH_CHAIN,CRITICAL,TRIAGED,35,35,LEGACY_ESCALATION_NORMALIZED,LOW
3471,2026-05-17T19:01:57.630Z,atomicstar,Apparmor DENIED,3,ESCALATED,100,100,RECON_TO_AUTH_CHAIN,CRITICAL,TRIAGED,35,35,LEGACY_ESCALATION_NORMALIZED,LOW
3472,2026-05-17T19:01:57.630Z,atomicstar,Apparmor DENIED,3,ESCALATED,100,100,RECON_TO_AUTH_CHAIN,CRITICAL,TRIAGED,35,35,LEGACY_ESCALATION_NORMALIZED,LOW
3473,2026-05-17T19:01:57.630Z,atomicstar,Apparmor messages grouped.,3,ESCALATED,100,100,RECON_TO_AUTH_CHAIN,CRITICAL,TRIAGED,35,35,LEGACY_ESCALATION_NORMALIZED,LOW
3474,2026-05-17T19:01:59.241Z,atomicstar,Systemd: Service exited due to a failure.,5,ESCALATED,100,100,RECON_TO_AUTH_CHAIN,CRITICAL,TRIAGED,35,35,LEGACY_ESCALATION_NORMALIZED,LOW
3475,2026-05-17T19:01:59.241Z,atomicstar,Systemd: Service exited due to a failure.,5,ESCALATED,100,100,RECON_TO_AUTH_CHAIN,CRITICAL,TRIAGED,35,35,LEGACY_ESCALATION_NORMALIZED,LOW
3476,2026-05-17T19:02:03.195Z,atomicstar,Systemd: Service exited due to a failure.,5,ESCALATED,100,100,RECON_TO_AUTH_CHAIN,CRITICAL,TRIAGED,35,35,LEGACY_ESCALATION_NORMALIZED,LOW
3477,2026-05-17T19:02:03.195Z,atomicstar,Systemd: Service exited due to a failure.,5,ESCALATED,100,100,RECON_TO_AUTH_CHAIN,CRITICAL,TRIAGED,35,35,LEGACY_ESCALATION_NORMALIZED,LOW
3478,2026-05-17T19:02:07.309Z,atomicstar,Systemd: Service exited due to a failure.,5,ESCALATED,100,100,RECON_TO_AUTH_CHAIN,CRITICAL,TRIAGED,35,35,LEGACY_ESCALATION_NORMALIZED,LOW
3479,2026-05-17T19:02:07.309Z,atomicstar,Systemd: Service exited due to a failure.,5,ESCALATED,100,100,RECON_TO_AUTH_CHAIN,CRITICAL,TRIAGED,35,35,LEGACY_ESCALATION_NORMALIZED,LOW
3480,2026-05-17T19:02:11.422Z,atomicstar,Systemd: Service exited due to a failure.,5,ESCALATED,100,100,RECON_TO_AUTH_CHAIN,CRITICAL,TRIAGED,35,35,LEGACY_ESCALATION_NORMALIZED,LOW
3481,2026-05-17T19:02:11.422Z,atomicstar,Systemd: Service exited due to a failure.,5,ESCALATED,100,100,RECON_TO_AUTH_CHAIN,CRITICAL,TRIAGED,35,35,LEGACY_ESCALATION_NORMALIZED,LOW
3482,2026-05-17T19:02:11.465Z,atomicstar,Apparmor DENIED,3,ESCALATED,100,100,RECON_TO_AUTH_CHAIN,CRITICAL,TRIAGED,35,35,LEGACY_ESCALATION_NORMALIZED,LOW
3483,2026-05-17T19:02:11.465Z,atomicstar,Apparmor DENIED,3,ESCALATED,100,100,RECON_TO_AUTH_CHAIN,CRITICAL,TRIAGED,35,35,LEGACY_ESCALATION_NORMALIZED,LOW
3484,2026-05-17T19:02:11.466Z,atomicstar,Apparmor messages grouped.,3,ESCALATED,100,100,RECON_TO_AUTH_CHAIN,CRITICAL,TRIAGED,35,35,LEGACY_ESCALATION_NORMALIZED,LOW
3485,2026-05-17T19:02:11.466Z,atomicstar,Apparmor messages grouped.,3,ESCALATED,100,100,RECON_TO_AUTH_CHAIN,CRITICAL,TRIAGED,35,35,LEGACY_ESCALATION_NORMALIZED,LOW
3486,2026-05-17T19:02:12.731Z,atomicstar,Systemd: Service exited due to a failure.,5,ESCALATED,100,100,RECON_TO_AUTH_CHAIN,CRITICAL,TRIAGED,35,35,LEGACY_ESCALATION_NORMALIZED,LOW
3487,2026-05-17T19:02:12.731Z,atomicstar,Systemd: Service exited due to a failure.,5,ESCALATED,100,100,RECON_TO_AUTH_CHAIN,CRITICAL,TRIAGED,35,35,LEGACY_ESCALATION_NORMALIZED,LOW
3488,2026-05-17T19:02:15.643Z,atomicstar,Apparmor DENIED,3,ESCALATED,100,100,RECON_TO_AUTH_CHAIN,CRITICAL,TRIAGED,35,35,LEGACY_ESCALATION_NORMALIZED,LOW
3489,2026-05-17T19:02:15.643Z,atomicstar,Apparmor messages grouped.,3,ESCALATED,100,100,RECON_TO_AUTH_CHAIN,CRITICAL,TRIAGED,35,35,LEGACY_ESCALATION_NORMALIZED,LOW
3490,2026-05-17T19:02:15.643Z,atomicstar,Apparmor DENIED,3,ESCALATED,100,100,RECON_TO_AUTH_CHAIN,CRITICAL,TRIAGED,35,35,LEGACY_ESCALATION_NORMALIZED,LOW
3491,2026-05-17T19:02:15.643Z,atomicstar,Apparmor messages grouped.,3,ESCALATED,100,100,RECON_TO_AUTH_CHAIN,CRITICAL,TRIAGED,35,35,LEGACY_ESCALATION_NORMALIZED,LOW
3492,2026-05-17T19:02:15.643Z,atomicstar,Apparmor DENIED,3,ESCALATED,100,100,RECON_TO_AUTH_CHAIN,CRITICAL,TRIAGED,35,35,LEGACY_ESCALATION_NORMALIZED,LOW
3493,2026-05-17T19:02:15.643Z,atomicstar,Apparmor DENIED,3,ESCALATED,100,100,RECON_TO_AUTH_CHAIN,CRITICAL,TRIAGED,35,35,LEGACY_ESCALATION_NORMALIZED,LOW
3494,2026-05-17T19:02:15.730Z,atomicstar,Systemd: Service exited due to a failure.,5,ESCALATED,100,100,RECON_TO_AUTH_CHAIN,CRITICAL,TRIAGED,35,35,LEGACY_ESCALATION_NORMALIZED,LOW
3495,2026-05-17T19:02:15.730Z,atomicstar,Systemd: Service exited due to a failure.,5,ESCALATED,100,100,RECON_TO_AUTH_CHAIN,CRITICAL,TRIAGED,35,35,LEGACY_ESCALATION_NORMALIZED,LOW
3496,2026-05-17T19:02:19.982Z,atomicstar,Systemd: Service exited due to a failure.,5,ESCALATED,100,100,RECON_TO_AUTH_CHAIN,CRITICAL,TRIAGED,35,35,LEGACY_ESCALATION_NORMALIZED,LOW
3497,2026-05-17T19:02:19.982Z,atomicstar,Systemd: Service exited due to a failure.,5,ESCALATED,100,100,RECON_TO_AUTH_CHAIN,CRITICAL,TRIAGED,35,35,LEGACY_ESCALATION_NORMALIZED,LOW
3498,2026-05-17T19:02:24.619Z,atomicstar,Systemd: Service exited due to a failure.,5,ESCALATED,100,100,RECON_TO_AUTH_CHAIN,CRITICAL,TRIAGED,35,35,LEGACY_ESCALATION_NORMALIZED,LOW
3499,2026-05-17T19:02:24.619Z,atomicstar,Systemd: Service exited due to a failure.,5,ESCALATED,100,100,RECON_TO_AUTH_CHAIN,CRITICAL,TRIAGED,35,35,LEGACY_ESCALATION_NORMALIZED,LOW
3506,2026-05-17T19:02:28.754Z,atomicstar,Systemd: Service exited due to a failure.,5,ESCALATED,100,100,RECON_TO_AUTH_CHAIN,CRITICAL,TRIAGED,35,35,LEGACY_ESCALATION_NORMALIZED,LOW
3507,2026-05-17T19:02:28.754Z,atomicstar,Systemd: Service exited due to a failure.,5,ESCALATED,100,100,RECON_TO_AUTH_CHAIN,CRITICAL,TRIAGED,35,35,LEGACY_ESCALATION_NORMALIZED,LOW
3508,2026-05-17T19:02:30.836Z,atomicstar,Apparmor DENIED,3,ESCALATED,100,100,RECON_TO_AUTH_CHAIN,CRITICAL,TRIAGED,35,35,LEGACY_ESCALATION_NORMALIZED,LOW
3509,2026-05-17T19:02:30.836Z,atomicstar,Apparmor messages grouped.,3,ESCALATED,100,100,RECON_TO_AUTH_CHAIN,CRITICAL,TRIAGED,35,35,LEGACY_ESCALATION_NORMALIZED,LOW
3510,2026-05-17T19:02:30.836Z,atomicstar,Apparmor DENIED,3,ESCALATED,100,100,RECON_TO_AUTH_CHAIN,CRITICAL,TRIAGED,35,35,LEGACY_ESCALATION_NORMALIZED,LOW
3511,2026-05-17T19:02:30.836Z,atomicstar,Apparmor messages grouped.,3,ESCALATED,100,100,RECON_TO_AUTH_CHAIN,CRITICAL,TRIAGED,35,35,LEGACY_ESCALATION_NORMALIZED,LOW
3512,2026-05-17T19:02:31.494Z,atomicstar,Systemd: Service exited due to a failure.,5,ESCALATED,100,100,RECON_TO_AUTH_CHAIN,CRITICAL,TRIAGED,35,35,LEGACY_ESCALATION_NORMALIZED,LOW
3513,2026-05-17T19:02:31.494Z,atomicstar,Systemd: Service exited due to a failure.,5,ESCALATED,100,100,RECON_TO_AUTH_CHAIN,CRITICAL,TRIAGED,35,35,LEGACY_ESCALATION_NORMALIZED,LOW
3514,2026-05-17T19:02:32.943Z,atomicstar,Systemd: Service exited due to a failure.,5,ESCALATED,100,100,RECON_TO_AUTH_CHAIN,CRITICAL,TRIAGED,35,35,LEGACY_ESCALATION_NORMALIZED,LOW
3515,2026-05-17T19:02:32.943Z,atomicstar,Systemd: Service exited due to a failure.,5,ESCALATED,100,100,RECON_TO_AUTH_CHAIN,CRITICAL,TRIAGED,35,35,LEGACY_ESCALATION_NORMALIZED,LOW
3528,2026-05-17T19:02:35.391Z,atomicstar,Apparmor messages grouped.,3,ESCALATED,100,100,RECON_TO_AUTH_CHAIN,CRITICAL,TRIAGED,35,35,LEGACY_ESCALATION_NORMALIZED,LOW
3529,2026-05-17T19:02:35.391Z,atomicstar,Apparmor DENIED,3,ESCALATED,100,100,RECON_TO_AUTH_CHAIN,CRITICAL,TRIAGED,35,35,LEGACY_ESCALATION_NORMALIZED,LOW
3530,2026-05-17T19:02:35.391Z,atomicstar,Apparmor messages grouped.,3,ESCALATED,100,100,RECON_TO_AUTH_CHAIN,CRITICAL,TRIAGED,35,35,LEGACY_ESCALATION_NORMALIZED,LOW
3531,2026-05-17T19:02:35.391Z,atomicstar,Apparmor DENIED,3,ESCALATED,100,100,RECON_TO_AUTH_CHAIN,CRITICAL,TRIAGED,35,35,LEGACY_ESCALATION_NORMALIZED,LOW
3532,2026-05-17T19:02:37.153Z,atomicstar,Systemd: Service exited due to a failure.,5,ESCALATED,100,100,RECON_TO_AUTH_CHAIN,CRITICAL,TRIAGED,35,35,LEGACY_ESCALATION_NORMALIZED,LOW
3533,2026-05-17T19:02:37.153Z,atomicstar,Systemd: Service exited due to a failure.,5,ESCALATED,100,100,RECON_TO_AUTH_CHAIN,CRITICAL,TRIAGED,35,35,LEGACY_ESCALATION_NORMALIZED,LOW
3534,2026-05-17T19:02:41.403Z,atomicstar,Systemd: Service exited due to a failure.,5,ESCALATED,100,100,RECON_TO_AUTH_CHAIN,CRITICAL,TRIAGED,35,35,LEGACY_ESCALATION_NORMALIZED,LOW
3535,2026-05-17T19:02:41.403Z,atomicstar,Systemd: Service exited due to a failure.,5,ESCALATED,100,100,RECON_TO_AUTH_CHAIN,CRITICAL,TRIAGED,35,35,LEGACY_ESCALATION_NORMALIZED,LOW
4244,2026-05-17T19:14:06.888Z,darkstar,Systemd: Service exited due to a failure.,5,ESCALATED,100,100,POSSIBLE_PERSISTENCE,CRITICAL,TRIAGED,35,35,LEGACY_ESCALATION_NORMALIZED,LOW
4245,2026-05-17T19:14:06.888Z,darkstar,Systemd: Service exited due to a failure.,5,ESCALATED,100,100,POSSIBLE_PERSISTENCE,CRITICAL,TRIAGED,35,35,LEGACY_ESCALATION_NORMALIZED,LOW
